{
	"class_name" : "PinholeCameraParameters",
	"extrinsic" : 
	[
		0.9930412058514072,
		-0.11371850388979649,
		0.030614789795939571,
		0.0,
		-0.11520548313023626,
		-0.88411148052820421,
		0.45285161659748524,
		0.0,
		-0.024430721190993855,
		-0.45322730706709768,
		-0.89106012591227246,
		0.0,
		6.5265473809457504,
		-1.7439900030636117,
		25.597023204045279,
		1.0
	],
	"intrinsic" : 
	{
		"height" : 991,
		"intrinsic_matrix" : 
		[
			858.2311751503787,
			0.0,
			0.0,
			0.0,
			858.2311751503787,
			0.0,
			959.5,
			495.0,
			1.0
		],
		"width" : 1920
	},
	"version_major" : 1,
	"version_minor" : 0
}